{
  "results": [
    {
      "command": "julia biosimjl_test/make_biosim_results.jl 00001 direct 10000 False False",
      "mean": 6.992687162135715,
      "stddev": 0.252884498912585,
      "median": 6.91957968685,
      "user": 6.703582915,
      "system": 0.6485622342857144,
      "min": 6.83075350485,
      "max": 7.54184570085,
      "times": [
        7.54184570085,
        6.83075350485,
        6.85326590585,
        6.91957968685,
        6.93442973485,
        6.83212058985,
        7.03681501185
      ]
    }
  ]
}
