{
  "results": [
    {
      "command": "julia biosimjl_test/make_biosim_results.jl 00038 tau_adaptive 10000 False False",
      "mean": 6.414033683922858,
      "stddev": 0.0902531956591925,
      "median": 6.39109852178,
      "user": 6.413775693571428,
      "system": 0.40620333000000003,
      "min": 6.331428186779999,
      "max": 6.6033489227799995,
      "times": [
        6.6033489227799995,
        6.39019688478,
        6.39109852178,
        6.42999828178,
        6.40754866378,
        6.34461632578,
        6.331428186779999
      ]
    }
  ]
}
