{
  "results": [
    {
      "command": "julia biosimjl_test/make_biosim_results.jl 00030 tau_leaping 10000 False False",
      "mean": 5.753912626896429,
      "stddev": 0.03919078182275198,
      "median": 5.740949386325,
      "user": 5.779278892142857,
      "system": 0.4002409421428571,
      "min": 5.718368019325,
      "max": 5.8257011443249995,
      "times": [
        5.8257011443249995,
        5.7320835543249995,
        5.718368019325,
        5.751912749325,
        5.721401175325,
        5.740949386325,
        5.7869723593249995
      ]
    }
  ]
}
