{
  "results": [
    {
      "command": "julia biosimjl_test/make_biosim_results.jl 00001 direct 10000 True False",
      "mean": 7.206054437776667,
      "stddev": 0.0841393065082476,
      "median": 7.20643706511,
      "user": 7.152532023333333,
      "system": 0.40158574333333324,
      "min": 7.12172447011,
      "max": 7.29000177811,
      "times": [
        7.12172447011,
        7.29000177811,
        7.20643706511
      ]
    }
  ]
}
