{
  "results": [
    {
      "command": "julia biosimjl_test/make_biosim_results.jl 00003 tau_leaping 10000 False False",
      "mean": 7.450294763952143,
      "stddev": 0.45353071195616496,
      "median": 7.452613824095001,
      "user": 7.313820897857142,
      "system": 0.5256459821428571,
      "min": 6.965216884095001,
      "max": 8.261739670095,
      "times": [
        7.543488210095,
        7.452613824095001,
        7.111874343095001,
        7.081689264095,
        6.965216884095001,
        8.261739670095,
        7.735441152095
      ]
    }
  ]
}
