{
  "results": [
    {
      "command": "julia biosimjl_test/make_biosim_results.jl 00003 direct 10000 False False",
      "mean": 8.94987220380857,
      "stddev": 0.07227065165889773,
      "median": 8.94505102138,
      "user": 8.329950813571429,
      "system": 1.0546723757142857,
      "min": 8.87481668838,
      "max": 9.094798556379999,
      "times": [
        8.87481668838,
        8.94505102138,
        9.094798556379999,
        8.966202878379999,
        8.95985362938,
        8.89587700838,
        8.91250564438
      ]
    }
  ]
}
