{
  "results": [
    {
      "command": "julia biosimjl_test/make_biosim_results.jl 00001 tau_leaping 10000 False False",
      "mean": 6.01388133676,
      "stddev": 0.06766390529008329,
      "median": 5.9818596697599995,
      "user": 6.033005445,
      "system": 0.40888715785714286,
      "min": 5.94326331276,
      "max": 6.12192002576,
      "times": [
        6.09239548776,
        5.978801467759999,
        5.9818596697599995,
        5.94326331276,
        6.01394284976,
        6.12192002576,
        5.96498654376
      ]
    }
  ]
}
