{
  "results": [
    {
      "command": "julia biosimjl_test/make_biosim_results.jl 00001 tau_adaptive 10000 False False",
      "mean": 6.0483664804007145,
      "stddev": 0.026867517496136077,
      "median": 6.031966065115,
      "user": 6.064098304285714,
      "system": 0.3868211992857143,
      "min": 6.0192748141150005,
      "max": 6.0818735391150005,
      "times": [
        6.027679152115001,
        6.0818735391150005,
        6.073529312115,
        6.031966065115,
        6.0192748141150005,
        6.074524691115,
        6.029717789115
      ]
    }
  ]
}
