{
  "results": [
    {
      "command": "julia biosimjl_test/make_biosim_results.jl 00021 direct 10000 False False",
      "mean": 7.037874946010713,
      "stddev": 0.14251686238631445,
      "median": 6.9613495557250005,
      "user": 6.764232969285715,
      "system": 0.69574425,
      "min": 6.9123900087250005,
      "max": 7.311989218725,
      "times": [
        6.9613495557250005,
        6.959481002725,
        7.136593581725,
        7.311989218725,
        7.041473231725,
        6.941848022725,
        6.9123900087250005
      ]
    }
  ]
}
