{
  "results": [
    {
      "command": "julia biosimjl_test/make_biosim_results.jl 00030 tau_adaptive 10000 False False",
      "mean": 6.1290570286635715,
      "stddev": 0.04636813196176523,
      "median": 6.118826143235,
      "user": 6.121414489999999,
      "system": 0.42675692,
      "min": 6.078767812235,
      "max": 6.2122878172350005,
      "times": [
        6.118826143235,
        6.2122878172350005,
        6.157516759235,
        6.081120714235,
        6.138067895235,
        6.078767812235,
        6.116812059235
      ]
    }
  ]
}
