{
  "results": [
    {
      "command": "julia biosimjl_test/make_biosim_results.jl 00038 direct 10000 False False",
      "mean": 6.3298472268635715,
      "stddev": 0.08592899099878702,
      "median": 6.332443831435,
      "user": 6.202522191428572,
      "system": 0.544835545,
      "min": 6.216229435435,
      "max": 6.460467532435,
      "times": [
        6.460467532435,
        6.343335806435,
        6.401985157435,
        6.235983348435,
        6.216229435435,
        6.318485476435,
        6.332443831435
      ]
    }
  ]
}
