{
  "results": [
    {
      "command": "julia biosimjl_test/make_biosim_results.jl 00021 tau_leaping 10000 False False",
      "mean": 5.765978995734286,
      "stddev": 0.11959140393327479,
      "median": 5.70475450802,
      "user": 5.756541382857142,
      "system": 0.4228436414285714,
      "min": 5.66934123302,
      "max": 5.93709571302,
      "times": [
        5.70475450802,
        5.67503832202,
        5.67336449402,
        5.77336181302,
        5.9288968870200005,
        5.93709571302,
        5.66934123302
      ]
    }
  ]
}
