{
  "results": [
    {
      "command": "julia biosimjl_test/make_biosim_results.jl 00021 tau_adaptive 10000 False False",
      "mean": 6.164675757962144,
      "stddev": 0.05131663603907633,
      "median": 6.162063619105,
      "user": 6.164080320714286,
      "system": 0.4236080892857143,
      "min": 6.084710722105,
      "max": 6.243738243105001,
      "times": [
        6.210998203105,
        6.1357683051050005,
        6.162063619105,
        6.084710722105,
        6.151798674105001,
        6.243738243105001,
        6.1636525391050005
      ]
    }
  ]
}
