{
  "results": [
    {
      "command": "julia biosimjl_test/make_biosim_results.jl 00030 direct 10000 False False",
      "mean": 5.598099538186427,
      "stddev": 0.09314078212056989,
      "median": 5.572236904615,
      "user": 5.592394627857142,
      "system": 0.41879786714285716,
      "min": 5.487919591615,
      "max": 5.740630876615,
      "times": [
        5.551804434615,
        5.487919591615,
        5.572236904615,
        5.657321686615,
        5.740630876615,
        5.669288381615,
        5.507494891615
      ]
    }
  ]
}
