{
  "results": [
    {
      "command": "julia biosimjl_test/make_biosim_results.jl 00038 tau_leaping 10000 False False",
      "mean": 5.7451511696892865,
      "stddev": 0.05810787275868628,
      "median": 5.716766236975,
      "user": 5.787512248571429,
      "system": 0.374308332142857,
      "min": 5.696490301975,
      "max": 5.854763765975,
      "times": [
        5.854763765975,
        5.786992356975,
        5.716766236975,
        5.696490301975,
        5.750968401975,
        5.699204360975,
        5.710872762975
      ]
    }
  ]
}
