{
  "results": [
    {
      "command": "julia biosimjl_test/make_biosim_results.jl 00003 tau_adaptive 10000 False False",
      "mean": 6.696894052357857,
      "stddev": 0.3053491038395242,
      "median": 6.507583849215,
      "user": 6.64980740142857,
      "system": 0.44676364857142853,
      "min": 6.405176744215,
      "max": 7.124954266215,
      "times": [
        6.862693183215,
        7.045294499215,
        7.124954266215,
        6.469082584215,
        6.405176744215,
        6.507583849215,
        6.463473240215
      ]
    }
  ]
}
