{
  "results": [
    {
      "command": "python cayenne_test/make_cayenne_results.py 00001 direct 10000 False",
      "mean": 6.367574160887144,
      "stddev": 0.8070970164308666,
      "median": 6.06318282003,
      "user": 23.02837257285714,
      "system": 0.5669463378571429,
      "min": 5.75101414203,
      "max": 7.66080402603,
      "times": [
        7.37642449603,
        6.06318282003,
        6.17712087803,
        7.66080402603,
        5.75101414203,
        5.78415570903,
        5.76031705503
      ]
    }
  ]
}
