{
  "results": [
    {
      "command": "python cayenne_test/make_cayenne_results.py 00038 tau_adaptive 10000 False",
      "mean": 6.896012971189999,
      "stddev": 0.7476773652506924,
      "median": 6.95837279319,
      "user": 24.933601987857138,
      "system": 0.5234696135714285,
      "min": 5.70416065919,
      "max": 7.57429929019,
      "times": [
        6.0571369721899995,
        6.95837279319,
        7.56625852419,
        7.57429929019,
        7.45554586719,
        5.70416065919,
        6.95631669219
      ]
    }
  ]
}
