{
  "results": [
    {
      "command": "python cayenne_test/make_cayenne_results.py 00038 direct 10000 False",
      "mean": 4.067157458336428,
      "stddev": 0.1849638439782754,
      "median": 4.023913836765,
      "user": 14.70704732,
      "system": 0.4901836921428571,
      "min": 3.844864344765,
      "max": 4.3824695527649995,
      "times": [
        4.3824695527649995,
        3.844864344765,
        3.934687793765,
        4.148945648764999,
        4.023913836765,
        3.9444726767650002,
        4.190748354765
      ]
    }
  ]
}
