{
  "results": [
    {
      "command": "Rscript GillespieSSA_test/make_gillespieSSA_results.R 00003 direct 10000 False",
      "mean": 569.9007600256185,
      "stddev": 5.26633873515299,
      "median": 568.83273890919,
      "user": 549.7405732035713,
      "system": 20.331905311428574,
      "min": 561.55014935719,
      "max": 579.2319045821899,
      "times": [
        570.71022387419,
        568.82205408619,
        568.26530970919,
        561.55014935719,
        571.89293966119,
        579.2319045821899,
        568.83273890919
      ]
    }
  ]
}
