{
  "results": [
    {
      "command": "Rscript GillespieSSA_test/make_gillespieSSA_results.R 00038 tau_leaping 10000 False",
      "mean": 4.046190928030714,
      "stddev": 0.056581834303661385,
      "median": 4.018112079744999,
      "user": 4.163433654285714,
      "system": 0.33795228,
      "min": 3.986612783745,
      "max": 4.131519820745,
      "times": [
        4.053025641744999,
        4.1154829217449995,
        4.131519820745,
        3.986612783745,
        4.018112079744999,
        4.012358867744999,
        4.0062243807449995
      ]
    }
  ]
}
