{
  "results": [
    {
      "command": "Rscript GillespieSSA_test/make_gillespieSSA_results.R 00001 direct 10000 False",
      "mean": 238.61988476243167,
      "stddev": 5.215675222422187,
      "median": 238.885295500765,
      "user": 227.96760005,
      "system": 8.858929086666665,
      "min": 233.276571378765,
      "max": 243.69778740776502,
      "times": [
        233.276571378765,
        243.69778740776502,
        238.885295500765
      ]
    }
  ]
}
