{
  "results": [
    {
      "command": "Rscript GillespieSSA_test/make_gillespieSSA_results.R 00001 tau_leaping 10000 False",
      "mean": 154.6846264532243,
      "stddev": 0.9252857748245048,
      "median": 154.96189910851,
      "user": 149.96403152785712,
      "system": 5.0758573771428575,
      "min": 153.28063892251,
      "max": 155.68913488951,
      "times": [
        155.68913488951,
        154.50012075951,
        153.28063892251,
        155.62706036751,
        154.96189910851,
        155.05797072551,
        153.67556039951
      ]
    }
  ]
}
