{
  "results": [
    {
      "command": "Rscript GillespieSSA_test/make_gillespieSSA_results.R 00030 direct 10000 False",
      "mean": 19.386500613515715,
      "stddev": 0.1587490863412704,
      "median": 19.40213629023,
      "user": 18.961173180714287,
      "system": 0.8656601592857142,
      "min": 19.154838046229997,
      "max": 19.55153206823,
      "times": [
        19.520778459229998,
        19.55153206823,
        19.309357862229998,
        19.154838046229997,
        19.53518690823,
        19.40213629023,
        19.23167466023
      ]
    }
  ]
}
