{
  "results": [
    {
      "command": "Rscript GillespieSSA_test/make_gillespieSSA_results.R 00003 tau_leaping 10000 False",
      "mean": 84.80950829847787,
      "stddev": 1.2229136378674137,
      "median": 84.616833871335,
      "user": 82.30936213142857,
      "system": 2.890887420714286,
      "min": 83.583620965335,
      "max": 87.221443875335,
      "times": [
        83.583620965335,
        84.652827815335,
        83.681556206335,
        84.583311340335,
        85.32696401533501,
        84.616833871335,
        87.221443875335
      ]
    }
  ]
}
