{
  "results": [
    {
      "command": "Rscript GillespieSSA_test/make_gillespieSSA_results.R 00021 tau_leaping 10000 False",
      "mean": 4.457715262351428,
      "stddev": 0.2254546389125459,
      "median": 4.39037970978,
      "user": 4.5499829499999995,
      "system": 0.27139650285714284,
      "min": 4.2469246937800005,
      "max": 4.79552424178,
      "times": [
        4.39037970978,
        4.47851265078,
        4.79552424178,
        4.73550269278,
        4.28635529378,
        4.27080755378,
        4.2469246937800005
      ]
    }
  ]
}
