{
  "results": [
    {
      "command": "Rscript GillespieSSA_test/make_gillespieSSA_results.R 00021 direct 10000 False",
      "mean": 4.018493094813571,
      "stddev": 0.03173275156129535,
      "median": 4.0138990273849995,
      "user": 4.155879661428572,
      "system": 0.30851842214285713,
      "min": 3.9745617063850003,
      "max": 4.0622220613849995,
      "times": [
        4.0622220613849995,
        3.9929812673850003,
        4.0138990273849995,
        4.054907480384999,
        4.025005817385,
        3.9745617063850003,
        4.005874303384999
      ]
    }
  ]
}
