{
  "results": [
    {
      "command": "Rscript GillespieSSA_test/make_gillespieSSA_results.R 00001 tau_adaptive 10000 False",
      "mean": 271.90672558812713,
      "stddev": 1.4422022154567071,
      "median": 271.87833533527,
      "user": 263.8958663064286,
      "system": 8.32457021642857,
      "min": 270.08135182827,
      "max": 273.94938564526996,
      "times": [
        273.00671765127,
        270.50317862927,
        271.87833533527,
        272.90955170126995,
        270.08135182827,
        271.01855832626995,
        273.94938564526996
      ]
    }
  ]
}
