{
  "results": [
    {
      "command": "Rscript GillespieSSA_test/make_gillespieSSA_results.R 00021 tau_adaptive 10000 False",
      "mean": 4.278106648410715,
      "stddev": 0.20149727839833964,
      "median": 4.315467246125,
      "user": 4.365982995,
      "system": 0.2865745364285714,
      "min": 4.021578235125,
      "max": 4.603553471125,
      "times": [
        4.421350736125,
        4.315467246125,
        4.603553471125,
        4.331318040125,
        4.152373739125,
        4.101105071125001,
        4.021578235125
      ]
    }
  ]
}
