{
  "results": [
    {
      "command": "Rscript GillespieSSA_test/make_gillespieSSA_results.R 00030 tau_adaptive 10000 False",
      "mean": 24.528414285119286,
      "stddev": 0.9881023713941954,
      "median": 24.567273472405,
      "user": 23.965653800714282,
      "system": 0.9729931757142856,
      "min": 23.399496141405,
      "max": 26.141414320405,
      "times": [
        26.141414320405,
        25.340188385405,
        24.779665054405,
        23.718192997405,
        23.752669624405,
        23.399496141405,
        24.567273472405
      ]
    }
  ]
}
