{
  "results": [
    {
      "command": "Rscript GillespieSSA_test/make_gillespieSSA_results.R 00030 tau_leaping 10000 False",
      "mean": 163.52600385168003,
      "stddev": 2.1504169774094843,
      "median": 163.47176451068,
      "user": 158.47615419285714,
      "system": 5.380982641428572,
      "min": 160.31727224168,
      "max": 166.63380518968,
      "times": [
        161.96599679168,
        162.68475236768,
        165.63471203167998,
        160.31727224168,
        163.47176451068,
        166.63380518968,
        163.97372382868
      ]
    }
  ]
}
