{
  "results": [
    {
      "command": "Rscript GillespieSSA_test/make_gillespieSSA_results.R 00038 tau_adaptive 10000 False",
      "mean": 4.088664701337858,
      "stddev": 0.07179196813761465,
      "median": 4.070635318195,
      "user": 4.186049786428572,
      "system": 0.3354473478571428,
      "min": 4.010472044195001,
      "max": 4.237588233195001,
      "times": [
        4.0475065121950005,
        4.010472044195001,
        4.083836082195,
        4.237588233195001,
        4.102149211195,
        4.070635318195,
        4.0684655081950005
      ]
    }
  ]
}
