{
  "results": [
    {
      "command": "Rscript GillespieSSA_test/make_gillespieSSA_results.R 00003 tau_adaptive 10000 False",
      "mean": 716.6289423930235,
      "stddev": 27.887942935687935,
      "median": 706.5274197295951,
      "user": 694.8409610692858,
      "system": 21.38074833642857,
      "min": 696.723918135595,
      "max": 775.6363581645951,
      "times": [
        701.881141441595,
        696.9614665095951,
        706.5274197295951,
        713.533855767595,
        696.723918135595,
        725.1384370025951,
        775.6363581645951
      ]
    }
  ]
}
