{
  "results": [
    {
      "command": "Rscript GillespieSSA_test/make_gillespieSSA_results.R 00038 direct 10000 False",
      "mean": 3.9983317601250006,
      "stddev": 0.026176227385391927,
      "median": 3.9953073211250003,
      "user": 4.150198609285714,
      "system": 0.30166786857142863,
      "min": 3.964832169125,
      "max": 4.039477104125,
      "times": [
        4.039477104125,
        3.964832169125,
        4.0251868421250006,
        3.990296287125,
        3.9953073211250003,
        3.9759727501250004,
        3.9972498471250004
      ]
    }
  ]
}
