{
  "results": [
    {
      "command": "python pyssa_test/make_pyssa_results.py 00003 tau_leaping 10000 False",
      "mean": 1.8534144852357144,
      "stddev": 0.2041772117403694,
      "median": 1.86692583895,
      "user": 5.897341080714286,
      "system": 0.35724689285714284,
      "min": 1.5369752219500001,
      "max": 2.15875682695,
      "times": [
        2.15875682695,
        1.75189388395,
        2.03974305295,
        1.86692583895,
        1.8720570089500002,
        1.74754956295,
        1.5369752219500001
      ]
    }
  ]
}
