{
  "results": [
    {
      "command": "python pyssa_test/make_pyssa_results.py 00030 direct 10000 False",
      "mean": 1.2372980486028573,
      "stddev": 0.14236434337633627,
      "median": 1.2263975444600002,
      "user": 3.2115611435714277,
      "system": 0.8997815064285714,
      "min": 1.12534156746,
      "max": 1.5377054494600002,
      "times": [
        1.5377054494600002,
        1.2368177764600001,
        1.1307558124600001,
        1.25137669746,
        1.15269149246,
        1.2263975444600002,
        1.12534156746
      ]
    }
  ]
}
