{
  "results": [
    {
      "command": "python cayenne_test/make_cayenne_results.py 00001 tau_leaping 10000 False",
      "mean": 2.3299731748678574,
      "stddev": 0.23102853042310462,
      "median": 2.250831269725,
      "user": 7.990555329285714,
      "system": 0.41490592142857136,
      "min": 2.137655820725,
      "max": 2.8372881157250003,
      "times": [
        2.2395654897250004,
        2.3328101337250002,
        2.240806977725,
        2.270854416725,
        2.137655820725,
        2.250831269725,
        2.8372881157250003
      ]
    }
  ]
}
