{
  "results": [
    {
      "command": "python pyssa_test/make_pyssa_results.py 00030 tau_leaping 10000 False",
      "mean": 3.0566078047535714,
      "stddev": 0.37652229814219246,
      "median": 3.041499171325,
      "user": 10.273165055000002,
      "system": 0.505707865,
      "min": 2.4665847103250003,
      "max": 3.583000991325,
      "times": [
        3.465249055325,
        3.583000991325,
        2.9402945323250003,
        3.054317305325,
        3.041499171325,
        2.845308867325,
        2.4665847103250003
      ]
    }
  ]
}
