{
  "results": [
    {
      "command": "python pyssa_test/make_pyssa_results.py 00038 tau_leaping 10000 False",
      "mean": 2.8282825068514286,
      "stddev": 0.2544004442061202,
      "median": 2.7396244582800002,
      "user": 9.493972927142854,
      "system": 0.44523142,
      "min": 2.53624739228,
      "max": 3.25810718128,
      "times": [
        2.66611249928,
        2.7396244582800002,
        3.06910672328,
        2.85916173628,
        2.53624739228,
        3.25810718128,
        2.66961755728
      ]
    }
  ]
}
