{
  "results": [
    {
      "command": "python pyssa_test/make_pyssa_results.py 00021 direct 10000 False",
      "mean": 6.621501006609286,
      "stddev": 0.5944788547805341,
      "median": 6.4952872008950004,
      "user": 24.36729964642857,
      "system": 0.5272989457142857,
      "min": 6.156618382895,
      "max": 7.848384925895,
      "times": [
        6.862194871895,
        6.542453040895,
        7.848384925895,
        6.156618382895,
        6.200327689895,
        6.4952872008950004,
        6.245240933895
      ]
    }
  ]
}
