{
  "results": [
    {
      "command": "python pyssa_test/make_pyssa_results.py 00003 direct 10000 False",
      "mean": 15.26632360820357,
      "stddev": 1.4231285943470762,
      "median": 14.878969117775,
      "user": 56.87911335214286,
      "system": 2.0036539307142855,
      "min": 13.431312134775,
      "max": 17.661794105774998,
      "times": [
        14.878969117775,
        14.098347646775,
        17.661794105774998,
        16.143418638775,
        15.939939910775001,
        14.710483702775,
        13.431312134775
      ]
    }
  ]
}
