{
  "results": [
    {
      "command": "python pyssa_test/make_pyssa_results.py 00030 tau_adaptive 10000 False",
      "mean": 1.970614151124286,
      "stddev": 0.09293309766339063,
      "median": 1.93831941841,
      "user": 4.964751804285713,
      "system": 1.583190497142857,
      "min": 1.86479909041,
      "max": 2.15017694041,
      "times": [
        1.86479909041,
        1.92424263941,
        1.91488287841,
        2.01192315741,
        1.93831941841,
        2.15017694041,
        1.9899549334100002
      ]
    }
  ]
}
