{
  "results": [
    {
      "command": "python pyssa_test/make_pyssa_results.py 00021 tau_adaptive 10000 False",
      "mean": 9.795835137207858,
      "stddev": 1.0844009437966222,
      "median": 9.968368472065,
      "user": 36.44975681285714,
      "system": 0.6331230892857143,
      "min": 8.653368391065001,
      "max": 11.482534838065,
      "times": [
        10.286572543065,
        11.482534838065,
        10.590205654065,
        8.794331275065,
        8.795464787065,
        8.653368391065001,
        9.968368472065
      ]
    }
  ]
}
