{
  "results": [
    {
      "command": "python pyssa_test/make_pyssa_results.py 00021 tau_leaping 10000 False",
      "mean": 2.446320005407857,
      "stddev": 0.20545933182240173,
      "median": 2.479842736265,
      "user": 8.178996224999997,
      "system": 0.4606159892857142,
      "min": 2.154332030265,
      "max": 2.767640629265,
      "times": [
        2.594194816265,
        2.492834801265,
        2.374861532265,
        2.260533492265,
        2.479842736265,
        2.154332030265,
        2.767640629265
      ]
    }
  ]
}
