{
  "results": [
    {
      "command": "python cayenne_test/make_cayenne_results.py 00003 tau_adaptive 10000 False",
      "mean": 22.109372576134287,
      "stddev": 1.662900428523656,
      "median": 22.456144158420003,
      "user": 82.57635859642856,
      "system": 1.941488787142857,
      "min": 19.578285080420002,
      "max": 24.217990215420002,
      "times": [
        24.217990215420002,
        22.456144158420003,
        20.43618319342,
        23.537527986420002,
        22.873012703420002,
        19.578285080420002,
        21.66646469542
      ]
    }
  ]
}
