{
  "results": [
    {
      "command": "python cayenne_test/make_cayenne_results.py 00001 tau_adaptive 10000 False",
      "mean": 8.789679958937857,
      "stddev": 1.0787163192774958,
      "median": 8.150327898795,
      "user": 32.595411500714285,
      "system": 0.6138372085714286,
      "min": 7.8574733587950005,
      "max": 10.497643146795001,
      "times": [
        10.497643146795001,
        8.014760792795,
        8.057094049795,
        8.150327898795,
        10.070929295795,
        7.8574733587950005,
        8.879531169795
      ]
    }
  ]
}
