{
  "results": [
    {
      "command": "python tellurium_test/make_tel_results.py 00003 10000 False",
      "mean": 15.05704776176857,
      "stddev": 0.20828006493225318,
      "median": 14.97096382534,
      "user": 15.042442717857142,
      "system": 0.44904412071428573,
      "min": 14.83455294034,
      "max": 15.403461852340001,
      "times": [
        15.403461852340001,
        14.964438218340002,
        15.03204981634,
        14.908541725340001,
        14.83455294034,
        15.285325954340001,
        14.97096382534
      ]
    }
  ]
}
