{
  "results": [
    {
      "command": "python tellurium_test/make_tel_results.py 00030 10000 False",
      "mean": 1.5445861399064287,
      "stddev": 0.016820370052425412,
      "median": 1.5435310583350002,
      "user": 1.6333476178571427,
      "system": 0.3733198042857143,
      "min": 1.524359445335,
      "max": 1.5760027013350002,
      "times": [
        1.549543332335,
        1.529348125335,
        1.5760027013350002,
        1.5399935993350002,
        1.5435310583350002,
        1.524359445335,
        1.5493247173350002
      ]
    }
  ]
}
