{
  "results": [
    {
      "command": "python tellurium_test/make_tel_results.py 00038 10000 False",
      "mean": 4.811709336669286,
      "stddev": 0.05586992253553589,
      "median": 4.814019055955001,
      "user": 4.848087852857143,
      "system": 0.3890381985714285,
      "min": 4.727311172955,
      "max": 4.887089998955,
      "times": [
        4.814019055955001,
        4.867681870955001,
        4.887089998955,
        4.820189613955001,
        4.805705757955001,
        4.727311172955,
        4.7599678859550005
      ]
    }
  ]
}
