{
  "results": [
    {
      "command": "python tellurium_test/make_tel_results.py 00001 10000 False",
      "mean": 6.8845918681635725,
      "stddev": 0.2237110898297031,
      "median": 6.820158950735,
      "user": 6.885330534285715,
      "system": 0.38138827571428574,
      "min": 6.709157389735001,
      "max": 7.377093464735,
      "times": [
        7.377093464735,
        6.783012980735,
        6.820158950735,
        6.709157389735001,
        6.859796522735,
        6.777363350735,
        6.865560417735001
      ]
    }
  ]
}
