{
  "results": [
    {
      "command": "python tellurium_test/make_tel_results.py 00021 10000 False",
      "mean": 7.517540518463571,
      "stddev": 0.1718249959337622,
      "median": 7.491468931035,
      "user": 7.5777820971428556,
      "system": 0.37961609571428573,
      "min": 7.279652148035,
      "max": 7.848029625035,
      "times": [
        7.491468931035,
        7.848029625035,
        7.279652148035,
        7.537589875035,
        7.465648140035,
        7.4412357640349995,
        7.559159146035
      ]
    }
  ]
}
